{"cameraMode":{"drawMode":0,"name":"Shaded","section":"Shading Mode"},"sceneLighting":true,"audioPlay":false,"sceneViewState":{"m_AlwaysRefresh":false,"showFog":true,"showSkybox":true,"showFlares":true,"showImageEffects":true,"showParticleSystems":true,"showVisualEffectGraphs":true,"m_FxEnabled":true},"in2DMode":false,"pivot":{"x":-0.1599999964237213,"y":7.570000171661377,"z":28.440000534057618},"rotation":{"x":-0.07350065559148789,"y":0.7186300754547119,"z":-0.07681739330291748,"w":-0.6873378753662109},"size":0.8660253882408142,"orthographic":false}